"COMENTARIOS","COMPARTIDOS","CONTENIDO","CREADOR_ID","FECHA","ME_GUSTA","PLATAFORMA","TIPO","VISTAS"
"101","260","Contenido 1","9","2023-09-6","4671","TikTok","imagen","50147"
"55","114","Contenido 2","14","2023-04-8","8458","Twitch","video","4881"
"924","69","Contenido 3","47","2023-02-6","5565","YouTube","imagen","31565"
"0","371","Contenido 4","50","2023-02-15","2863","Twitch","video","45113"
"716","467","Contenido 5","40","2023-06-24","7203","Instagram","imagen","19595"
"320","300","Contenido 6","43","2023-07-15","1602","YouTube","video","50999"
"766","29","Contenido 7","21","2023-09-13","5123","TikTok","imagen","46712"
"341","145","Contenido 8","33","2023-07-1","5876","YouTube","video","35592"
"443","485","Contenido 9","14","2023-05-12","7408","Instagram","imagen","45811"
"73","439","Contenido 10","3","2023-04-1","1736","Twitch","video","38168"
"51","291","Contenido 11","9","2023-08-24","9356","TikTok","imagen","44135"
"325","425","Contenido 12","17","2023-06-8","1010","TikTok","video","42915"
"830","352","Contenido 13","5","2023-03-22","3050","Twitch","imagen","42320"
"40","475","Contenido 14","39","2023-04-9","2466","TikTok","video","4614"
"685","99","Contenido 15","11","2023-02-14","269","Twitch","imagen","24636"
"963","29","Contenido 16","40","2023-09-3","4492","Instagram","video","48397"
"225","419","Contenido 17","7","2023-01-6","5399","YouTube","imagen","2022"
"951","0","Contenido 18","33","2023-08-16","4018","Instagram","video","28757"
"673","418","Contenido 19","27","2023-06-4","2267","Twitch","imagen","42203"
"92","120","Contenido 20","48","2023-07-15","7495","TikTok","video","19290"
"967","434","Contenido 21","50","2023-04-27","6202","TikTok","imagen","12056"
"651","298","Contenido 22","6","2023-02-10","1566","Instagram","video","49482"
"291","426","Contenido 23","21","2023-05-21","7896","YouTube","imagen","13865"
"372","395","Contenido 24","20","2023-04-8","5512","Instagram","video","30767"
"598","273","Contenido 25","4","2023-09-26","422","Instagram","imagen","28698"
"968","265","Contenido 26","22","2023-04-22","5768","TikTok","video","11768"
"671","437","Contenido 27","49","2023-07-18","5929","TikTok","imagen","26841"
"559","388","Contenido 28","30","2023-04-9","6529","YouTube","video","37008"
"680","484","Contenido 29","47","2023-06-26","7889","Twitch","imagen","50338"
"842","310","Contenido 30","47","2023-06-13","6677","YouTube","video","15044"
"24","494","Contenido 31","41","2023-02-7","82","YouTube","imagen","48336"
"929","361","Contenido 32","5","2023-08-7","6999","TikTok","video","50512"
"882","448","Contenido 33","28","2023-09-20","3533","TikTok","imagen","17777"
"36","75","Contenido 34","22","2023-02-23","8105","Twitch","video","38785"
"36","317","Contenido 35","19","2023-09-16","7239","Twitch","imagen","49922"
"213","8","Contenido 36","26","2023-03-25","5534","TikTok","video","32148"
"23","180","Contenido 37","24","2023-06-28","3712","TikTok","imagen","13565"
"867","218","Contenido 38","47","2023-07-7","7112","TikTok","video","37188"
"725","450","Contenido 39","5","2023-04-4","6315","Twitch","imagen","33618"
"928","215","Contenido 40","23","2023-02-16","8170","Instagram","video","24959"
"437","455","Contenido 41","17","2023-04-9","5708","YouTube","imagen","2170"
"587","302","Contenido 42","7","2023-04-14","4086","YouTube","video","26497"
"944","402","Contenido 43","16","2023-07-4","5812","Instagram","imagen","39860"
"678","353","Contenido 44","31","2023-04-8","2302","TikTok","video","32358"
"886","487","Contenido 45","10","2023-01-5","6966","Instagram","imagen","4716"
"360","7","Contenido 46","31","2023-03-28","3222","YouTube","video","43291"
"400","283","Contenido 47","46","2023-03-15","5525","Instagram","imagen","23517"
"499","51","Contenido 48","17","2023-04-1","4768","Instagram","video","5484"
"151","123","Contenido 49","41","2023-06-1","8450","TikTok","imagen","49157"
"134","162","Contenido 50","31","2023-09-24","3726","Instagram","video","10839"
"91","35","Contenido 51","44","2023-05-26","4241","Instagram","imagen","30033"
"122","247","Contenido 52","21","2023-04-18","1427","TikTok","video","10486"
"172","228","Contenido 53","13","2023-06-24","3012","TikTok","imagen","35836"
"992","325","Contenido 54","29","2023-07-3","6816","YouTube","video","26408"
"779","169","Contenido 55","31","2023-02-25","781","Twitch","imagen","19491"
"928","254","Contenido 56","39","2023-04-7","3594","YouTube","video","2136"
"264","400","Contenido 57","20","2023-01-16","848","TikTok","imagen","12115"
"331","198","Contenido 58","3","2023-07-13","3458","Instagram","video","22994"
"181","281","Contenido 59","43","2023-02-27","1838","YouTube","imagen","27287"
"281","385","Contenido 60","41","2023-04-18","9626","Instagram","video","29253"
"840","285","Contenido 61","13","2023-03-18","9834","Twitch","imagen","46990"
"291","247","Contenido 62","41","2023-01-1","8838","Instagram","video","3899"
"196","83","Contenido 63","35","2023-07-17","3158","YouTube","imagen","5427"
"385","359","Contenido 64","3","2023-06-13","9704","YouTube","video","45521"
"793","494","Contenido 65","38","2023-01-5","2005","YouTube","imagen","48434"
"716","30","Contenido 66","3","2023-03-12","2033","TikTok","video","33476"
"142","463","Contenido 67","6","2023-09-19","3066","TikTok","imagen","32184"
"988","428","Contenido 68","17","2023-08-13","9414","YouTube","video","36705"
"437","490","Contenido 69","5","2023-05-14","5991","Instagram","imagen","45170"
"833","10","Contenido 70","33","2023-04-10","8904","TikTok","video","49795"
"325","214","Contenido 71","18","2023-02-24","2846","TikTok","imagen","21581"
"605","356","Contenido 72","7","2023-07-1","4649","Twitch","video","1368"
"528","332","Contenido 73","30","2023-08-21","9922","YouTube","imagen","45779"
"592","256","Contenido 74","43","2023-04-22","45","Twitch","video","19948"
"790","322","Contenido 75","15","2023-04-1","4998","Twitch","imagen","32035"
"73","187","Contenido 76","29","2023-05-18","4485","TikTok","video","33531"
"840","365","Contenido 77","5","2023-09-25","3132","YouTube","imagen","13177"
"291","190","Contenido 78","37","2023-09-5","1157","Twitch","video","13491"
"885","101","Contenido 79","11","2023-07-22","2006","Twitch","imagen","25777"
"900","482","Contenido 80","45","2023-08-12","2670","YouTube","video","40590"
"583","490","Contenido 81","2","2023-06-11","215","Instagram","imagen","15479"
"294","18","Contenido 82","16","2023-06-22","4820","YouTube","video","4074"
"462","174","Contenido 83","36","2023-07-22","8385","Twitch","imagen","45673"
"74","192","Contenido 84","48","2023-01-2","3320","Instagram","video","29524"
"970","472","Contenido 85","35","2023-03-7","1992","Twitch","imagen","24946"
"799","406","Contenido 86","9","2023-04-11","1037","Twitch","video","7448"
"492","485","Contenido 87","14","2023-06-22","5949","TikTok","imagen","40927"
"22","152","Contenido 88","19","2023-02-5","8055","Twitch","video","46610"
"269","125","Contenido 89","18","2023-05-20","2355","TikTok","imagen","26957"
"848","492","Contenido 90","8","2023-02-13","950","TikTok","video","26575"
"612","38","Contenido 91","25","2023-09-10","7885","TikTok","imagen","25608"
"198","308","Contenido 92","20","2023-09-1","3694","Instagram","video","34475"
"475","39","Contenido 93","45","2023-03-27","1324","TikTok","imagen","28956"
"774","87","Contenido 94","6","2023-02-27","4850","Instagram","video","19603"
"954","250","Contenido 95","20","2023-01-17","1460","Twitch","imagen","40759"
"292","367","Contenido 96","24","2023-05-5","5043","YouTube","video","26308"
"706","429","Contenido 97","38","2023-03-16","215","YouTube","imagen","10245"
"757","375","Contenido 98","43","2023-01-3","6068","Instagram","video","25897"
"274","327","Contenido 99","2","2023-05-16","4951","Instagram","imagen","10977"
"372","78","Contenido 100","43","2023-04-22","5400","TikTok","video","22816"
